"CustomerID","FullName","Email","Country","CreatedAt"
"1","Customer 1","cust1@example.com","Australia","12/29/2025 00:00:00"
"2","Customer 2","cust2@example.com","Belgium","12/26/2025 00:00:00"
"3","Customer 3","cust3@example.com","Brazil","12/23/2025 00:00:00"
"4","Customer 4","cust4@example.com","Canada","12/20/2025 00:00:00"
"5","Customer 5","cust5@example.com","Germany","12/17/2025 00:00:00"
"6","Customer 6","cust6@example.com","Denmark","12/14/2025 00:00:00"
"7","Customer 7","cust7@example.com","Spain","12/11/2025 00:00:00"
"8","Customer 8","cust8@example.com","Finland","12/08/2025 00:00:00"
"9","Customer 9","cust9@example.com","France","12/05/2025 00:00:00"
"10","Customer 10","cust10@example.com","United Kingdom","12/02/2025 00:00:00"
"11","Customer 11","cust11@example.com","India","11/29/2025 00:00:00"
"12","Customer 12","cust12@example.com","Italy","11/26/2025 00:00:00"
"13","Customer 13","cust13@example.com","Japan","11/23/2025 00:00:00"
"14","Customer 14","cust14@example.com","Mexico","11/20/2025 00:00:00"
"15","Customer 15","cust15@example.com","Netherlands","11/17/2025 00:00:00"
"16","Customer 16","cust16@example.com","Norway","11/14/2025 00:00:00"
"17","Customer 17","cust17@example.com","New Zealand","11/11/2025 00:00:00"
"18","Customer 18","cust18@example.com","Sweden","11/08/2025 00:00:00"
"19","Customer 19","cust19@example.com","United States","11/05/2025 00:00:00"
"20","Customer 20","cust20@example.com","South Africa","11/02/2025 00:00:00"
"21","Customer 21","cust21@example.com","Australia","10/30/2025 00:00:00"
"22","Customer 22","cust22@example.com","Belgium","10/27/2025 00:00:00"
"23","Customer 23","cust23@example.com","Brazil","10/24/2025 00:00:00"
"24","Customer 24","cust24@example.com","Canada","10/21/2025 00:00:00"
"25","Customer 25","cust25@example.com","Germany","10/18/2025 00:00:00"
"26","Customer 26","cust26@example.com","Denmark","10/15/2025 00:00:00"
"27","Customer 27","cust27@example.com","Spain","10/12/2025 00:00:00"
"28","Customer 28","cust28@example.com","Finland","10/09/2025 00:00:00"
"29","Customer 29","cust29@example.com","France","10/06/2025 00:00:00"
"30","Customer 30","cust30@example.com","United Kingdom","10/03/2025 00:00:00"
"31","Customer 31","cust31@example.com","India","09/30/2025 00:00:00"
"32","Customer 32","cust32@example.com","Italy","09/27/2025 00:00:00"
"33","Customer 33","cust33@example.com","Japan","09/24/2025 00:00:00"
"34","Customer 34","cust34@example.com","Mexico","09/21/2025 00:00:00"
"35","Customer 35","cust35@example.com","Netherlands","09/18/2025 00:00:00"
"36","Customer 36","cust36@example.com","Norway","09/15/2025 00:00:00"
"37","Customer 37","cust37@example.com","New Zealand","09/12/2025 00:00:00"
"38","Customer 38","cust38@example.com","Sweden","09/09/2025 00:00:00"
"39","Customer 39","cust39@example.com","United States","09/06/2025 00:00:00"
"40","Customer 40","cust40@example.com","South Africa","09/03/2025 00:00:00"
"41","Customer 41","cust41@example.com","Australia","08/31/2025 00:00:00"
"42","Customer 42","cust42@example.com","Belgium","08/28/2025 00:00:00"
"43","Customer 43","cust43@example.com","Brazil","08/25/2025 00:00:00"
"44","Customer 44","cust44@example.com","Canada","08/22/2025 00:00:00"
"45","Customer 45","cust45@example.com","Germany","08/19/2025 00:00:00"
"46","Customer 46","cust46@example.com","Denmark","08/16/2025 00:00:00"
"47","Customer 47","cust47@example.com","Spain","08/13/2025 00:00:00"
"48","Customer 48","cust48@example.com","Finland","08/10/2025 00:00:00"
"49","Customer 49","cust49@example.com","France","08/07/2025 00:00:00"
"50","Customer 50","cust50@example.com","United Kingdom","08/04/2025 00:00:00"
"51","Customer 51","cust51@example.com","India","08/01/2025 00:00:00"
"52","Customer 52","cust52@example.com","Italy","07/29/2025 00:00:00"
"53","Customer 53","cust53@example.com","Japan","07/26/2025 00:00:00"
"54","Customer 54","cust54@example.com","Mexico","07/23/2025 00:00:00"
"55","Customer 55","cust55@example.com","Netherlands","07/20/2025 00:00:00"
"56","Customer 56","cust56@example.com","Norway","07/17/2025 00:00:00"
"57","Customer 57","cust57@example.com","New Zealand","07/14/2025 00:00:00"
"58","Customer 58","cust58@example.com","Sweden","07/11/2025 00:00:00"
"59","Customer 59","cust59@example.com","United States","07/08/2025 00:00:00"
"60","Customer 60","cust60@example.com","South Africa","07/05/2025 00:00:00"
"61","Customer 61","cust61@example.com","Australia","07/02/2025 00:00:00"
"62","Customer 62","cust62@example.com","Belgium","06/29/2025 00:00:00"
"63","Customer 63","cust63@example.com","Brazil","06/26/2025 00:00:00"
"64","Customer 64","cust64@example.com","Canada","06/23/2025 00:00:00"
"65","Customer 65","cust65@example.com","Germany","06/20/2025 00:00:00"
"66","Customer 66","cust66@example.com","Denmark","06/17/2025 00:00:00"
"67","Customer 67","cust67@example.com","Spain","06/14/2025 00:00:00"
"68","Customer 68","cust68@example.com","Finland","06/11/2025 00:00:00"
"69","Customer 69","cust69@example.com","France","06/08/2025 00:00:00"
"70","Customer 70","cust70@example.com","United Kingdom","06/05/2025 00:00:00"
"71","Customer 71","cust71@example.com","India","06/02/2025 00:00:00"
"72","Customer 72","cust72@example.com","Italy","05/30/2025 00:00:00"
"73","Customer 73","cust73@example.com","Japan","05/27/2025 00:00:00"
"74","Customer 74","cust74@example.com","Mexico","05/24/2025 00:00:00"
"75","Customer 75","cust75@example.com","Netherlands","05/21/2025 00:00:00"
"76","Customer 76","cust76@example.com","Norway","05/18/2025 00:00:00"
"77","Customer 77","cust77@example.com","New Zealand","05/15/2025 00:00:00"
"78","Customer 78","cust78@example.com","Sweden","05/12/2025 00:00:00"
"79","Customer 79","cust79@example.com","United States","05/09/2025 00:00:00"
"80","Customer 80","cust80@example.com","South Africa","05/06/2025 00:00:00"
"81","Customer 81","cust81@example.com","Australia","05/03/2025 00:00:00"
"82","Customer 82","cust82@example.com","Belgium","04/30/2025 00:00:00"
"83","Customer 83","cust83@example.com","Brazil","04/27/2025 00:00:00"
"84","Customer 84","cust84@example.com","Canada","04/24/2025 00:00:00"
"85","Customer 85","cust85@example.com","Germany","04/21/2025 00:00:00"
"86","Customer 86","cust86@example.com","Denmark","04/18/2025 00:00:00"
"87","Customer 87","cust87@example.com","Spain","04/15/2025 00:00:00"
"88","Customer 88","cust88@example.com","Finland","04/12/2025 00:00:00"
"89","Customer 89","cust89@example.com","France","04/09/2025 00:00:00"
"90","Customer 90","cust90@example.com","United Kingdom","04/06/2025 00:00:00"
"91","Customer 91","cust91@example.com","India","04/03/2025 00:00:00"
"92","Customer 92","cust92@example.com","Italy","03/31/2025 00:00:00"
"93","Customer 93","cust93@example.com","Japan","03/28/2025 00:00:00"
"94","Customer 94","cust94@example.com","Mexico","03/25/2025 00:00:00"
"95","Customer 95","cust95@example.com","Netherlands","03/22/2025 00:00:00"
"96","Customer 96","cust96@example.com","Norway","03/19/2025 00:00:00"
"97","Customer 97","cust97@example.com","New Zealand","03/16/2025 00:00:00"
"98","Customer 98","cust98@example.com","Sweden","03/13/2025 00:00:00"
"99","Customer 99","cust99@example.com","United States","03/10/2025 00:00:00"
"100","Customer 100","cust100@example.com","South Africa","03/07/2025 00:00:00"
"101","Customer 101","cust101@example.com","Australia","03/04/2025 00:00:00"
"102","Customer 102","cust102@example.com","Belgium","03/01/2025 00:00:00"
"103","Customer 103","cust103@example.com","Brazil","02/26/2025 00:00:00"
"104","Customer 104","cust104@example.com","Canada","02/23/2025 00:00:00"
"105","Customer 105","cust105@example.com","Germany","02/20/2025 00:00:00"
"106","Customer 106","cust106@example.com","Denmark","02/17/2025 00:00:00"
"107","Customer 107","cust107@example.com","Spain","02/14/2025 00:00:00"
"108","Customer 108","cust108@example.com","Finland","02/11/2025 00:00:00"
"109","Customer 109","cust109@example.com","France","02/08/2025 00:00:00"
"110","Customer 110","cust110@example.com","United Kingdom","02/05/2025 00:00:00"
"111","Customer 111","cust111@example.com","India","02/02/2025 00:00:00"
"112","Customer 112","cust112@example.com","Italy","01/30/2025 00:00:00"
"113","Customer 113","cust113@example.com","Japan","01/27/2025 00:00:00"
"114","Customer 114","cust114@example.com","Mexico","01/24/2025 00:00:00"
"115","Customer 115","cust115@example.com","Netherlands","01/21/2025 00:00:00"
"116","Customer 116","cust116@example.com","Norway","01/18/2025 00:00:00"
"117","Customer 117","cust117@example.com","New Zealand","01/15/2025 00:00:00"
"118","Customer 118","cust118@example.com","Sweden","01/12/2025 00:00:00"
"119","Customer 119","cust119@example.com","United States","01/09/2025 00:00:00"
"120","Customer 120","cust120@example.com","South Africa","01/06/2025 00:00:00"
"121","Customer 121","cust121@example.com","Australia","01/03/2025 00:00:00"
"122","Customer 122","cust122@example.com","Belgium","12/31/2024 00:00:00"
"123","Customer 123","cust123@example.com","Brazil","12/28/2024 00:00:00"
"124","Customer 124","cust124@example.com","Canada","12/25/2024 00:00:00"
"125","Customer 125","cust125@example.com","Germany","12/22/2024 00:00:00"
"126","Customer 126","cust126@example.com","Denmark","12/19/2024 00:00:00"
"127","Customer 127","cust127@example.com","Spain","12/16/2024 00:00:00"
"128","Customer 128","cust128@example.com","Finland","12/13/2024 00:00:00"
"129","Customer 129","cust129@example.com","France","12/10/2024 00:00:00"
"130","Customer 130","cust130@example.com","United Kingdom","12/07/2024 00:00:00"
"131","Customer 131","cust131@example.com","India","12/04/2024 00:00:00"
"132","Customer 132","cust132@example.com","Italy","12/01/2024 00:00:00"
"133","Customer 133","cust133@example.com","Japan","11/28/2024 00:00:00"
"134","Customer 134","cust134@example.com","Mexico","11/25/2024 00:00:00"
"135","Customer 135","cust135@example.com","Netherlands","11/22/2024 00:00:00"
"136","Customer 136","cust136@example.com","Norway","11/19/2024 00:00:00"
"137","Customer 137","cust137@example.com","New Zealand","11/16/2024 00:00:00"
"138","Customer 138","cust138@example.com","Sweden","11/13/2024 00:00:00"
"139","Customer 139","cust139@example.com","United States","11/10/2024 00:00:00"
"140","Customer 140","cust140@example.com","South Africa","11/07/2024 00:00:00"
"141","Customer 141","cust141@example.com","Australia","11/04/2024 00:00:00"
"142","Customer 142","cust142@example.com","Belgium","11/01/2024 00:00:00"
"143","Customer 143","cust143@example.com","Brazil","10/29/2024 00:00:00"
"144","Customer 144","cust144@example.com","Canada","10/26/2024 00:00:00"
"145","Customer 145","cust145@example.com","Germany","10/23/2024 00:00:00"
"146","Customer 146","cust146@example.com","Denmark","10/20/2024 00:00:00"
"147","Customer 147","cust147@example.com","Spain","10/17/2024 00:00:00"
"148","Customer 148","cust148@example.com","Finland","10/14/2024 00:00:00"
"149","Customer 149","cust149@example.com","France","10/11/2024 00:00:00"
"150","Customer 150","cust150@example.com","United Kingdom","10/08/2024 00:00:00"
"151","Customer 151","cust151@example.com","India","10/05/2024 00:00:00"
"152","Customer 152","cust152@example.com","Italy","10/02/2024 00:00:00"
"153","Customer 153","cust153@example.com","Japan","09/29/2024 00:00:00"
"154","Customer 154","cust154@example.com","Mexico","09/26/2024 00:00:00"
"155","Customer 155","cust155@example.com","Netherlands","09/23/2024 00:00:00"
"156","Customer 156","cust156@example.com","Norway","09/20/2024 00:00:00"
"157","Customer 157","cust157@example.com","New Zealand","09/17/2024 00:00:00"
"158","Customer 158","cust158@example.com","Sweden","09/14/2024 00:00:00"
"159","Customer 159","cust159@example.com","United States","09/11/2024 00:00:00"
"160","Customer 160","cust160@example.com","South Africa","09/08/2024 00:00:00"
"161","Customer 161","cust161@example.com","Australia","09/05/2024 00:00:00"
"162","Customer 162","cust162@example.com","Belgium","09/02/2024 00:00:00"
"163","Customer 163","cust163@example.com","Brazil","08/30/2024 00:00:00"
"164","Customer 164","cust164@example.com","Canada","08/27/2024 00:00:00"
"165","Customer 165","cust165@example.com","Germany","08/24/2024 00:00:00"
"166","Customer 166","cust166@example.com","Denmark","08/21/2024 00:00:00"
"167","Customer 167","cust167@example.com","Spain","08/18/2024 00:00:00"
"168","Customer 168","cust168@example.com","Finland","08/15/2024 00:00:00"
"169","Customer 169","cust169@example.com","France","08/12/2024 00:00:00"
"170","Customer 170","cust170@example.com","United Kingdom","08/09/2024 00:00:00"
"171","Customer 171","cust171@example.com","India","08/06/2024 00:00:00"
"172","Customer 172","cust172@example.com","Italy","08/03/2024 00:00:00"
"173","Customer 173","cust173@example.com","Japan","07/31/2024 00:00:00"
"174","Customer 174","cust174@example.com","Mexico","07/28/2024 00:00:00"
"175","Customer 175","cust175@example.com","Netherlands","07/25/2024 00:00:00"
"176","Customer 176","cust176@example.com","Norway","07/22/2024 00:00:00"
"177","Customer 177","cust177@example.com","New Zealand","07/19/2024 00:00:00"
"178","Customer 178","cust178@example.com","Sweden","07/16/2024 00:00:00"
"179","Customer 179","cust179@example.com","United States","07/13/2024 00:00:00"
"180","Customer 180","cust180@example.com","South Africa","07/10/2024 00:00:00"
"181","Customer 181","cust181@example.com","Australia","07/07/2024 00:00:00"
"182","Customer 182","cust182@example.com","Belgium","07/04/2024 00:00:00"
"183","Customer 183","cust183@example.com","Brazil","07/01/2024 00:00:00"
"184","Customer 184","cust184@example.com","Canada","06/28/2024 00:00:00"
"185","Customer 185","cust185@example.com","Germany","06/25/2024 00:00:00"
"186","Customer 186","cust186@example.com","Denmark","06/22/2024 00:00:00"
"187","Customer 187","cust187@example.com","Spain","06/19/2024 00:00:00"
"188","Customer 188","cust188@example.com","Finland","06/16/2024 00:00:00"
"189","Customer 189","cust189@example.com","France","06/13/2024 00:00:00"
"190","Customer 190","cust190@example.com","United Kingdom","06/10/2024 00:00:00"
"191","Customer 191","cust191@example.com","India","06/07/2024 00:00:00"
"192","Customer 192","cust192@example.com","Italy","06/04/2024 00:00:00"
"193","Customer 193","cust193@example.com","Japan","06/01/2024 00:00:00"
"194","Customer 194","cust194@example.com","Mexico","05/29/2024 00:00:00"
"195","Customer 195","cust195@example.com","Netherlands","05/26/2024 00:00:00"
"196","Customer 196","cust196@example.com","Norway","05/23/2024 00:00:00"
"197","Customer 197","cust197@example.com","New Zealand","05/20/2024 00:00:00"
"198","Customer 198","cust198@example.com","Sweden","05/17/2024 00:00:00"
"199","Customer 199","cust199@example.com","United States","05/14/2024 00:00:00"
"200","Customer 200","cust200@example.com","South Africa","05/11/2024 00:00:00"
"201","Customer 201","cust201@example.com","Australia","05/08/2024 00:00:00"
"202","Customer 202","cust202@example.com","Belgium","05/05/2024 00:00:00"
"203","Customer 203","cust203@example.com","Brazil","05/02/2024 00:00:00"
"204","Customer 204","cust204@example.com","Canada","04/29/2024 00:00:00"
"205","Customer 205","cust205@example.com","Germany","04/26/2024 00:00:00"
"206","Customer 206","cust206@example.com","Denmark","04/23/2024 00:00:00"
"207","Customer 207","cust207@example.com","Spain","04/20/2024 00:00:00"
"208","Customer 208","cust208@example.com","Finland","04/17/2024 00:00:00"
"209","Customer 209","cust209@example.com","France","04/14/2024 00:00:00"
"210","Customer 210","cust210@example.com","United Kingdom","04/11/2024 00:00:00"
"211","Customer 211","cust211@example.com","India","04/08/2024 00:00:00"
"212","Customer 212","cust212@example.com","Italy","04/05/2024 00:00:00"
"213","Customer 213","cust213@example.com","Japan","04/02/2024 00:00:00"
"214","Customer 214","cust214@example.com","Mexico","03/30/2024 00:00:00"
"215","Customer 215","cust215@example.com","Netherlands","03/27/2024 00:00:00"
"216","Customer 216","cust216@example.com","Norway","03/24/2024 00:00:00"
"217","Customer 217","cust217@example.com","New Zealand","03/21/2024 00:00:00"
"218","Customer 218","cust218@example.com","Sweden","03/18/2024 00:00:00"
"219","Customer 219","cust219@example.com","United States","03/15/2024 00:00:00"
"220","Customer 220","cust220@example.com","South Africa","03/12/2024 00:00:00"
"221","Customer 221","cust221@example.com","Australia","03/09/2024 00:00:00"
"222","Customer 222","cust222@example.com","Belgium","03/06/2024 00:00:00"
"223","Customer 223","cust223@example.com","Brazil","03/03/2024 00:00:00"
"224","Customer 224","cust224@example.com","Canada","02/29/2024 00:00:00"
"225","Customer 225","cust225@example.com","Germany","02/26/2024 00:00:00"
"226","Customer 226","cust226@example.com","Denmark","02/23/2024 00:00:00"
"227","Customer 227","cust227@example.com","Spain","02/20/2024 00:00:00"
"228","Customer 228","cust228@example.com","Finland","02/17/2024 00:00:00"
"229","Customer 229","cust229@example.com","France","02/14/2024 00:00:00"
"230","Customer 230","cust230@example.com","United Kingdom","02/11/2024 00:00:00"
"231","Customer 231","cust231@example.com","India","02/08/2024 00:00:00"
"232","Customer 232","cust232@example.com","Italy","02/05/2024 00:00:00"
"233","Customer 233","cust233@example.com","Japan","02/02/2024 00:00:00"
"234","Customer 234","cust234@example.com","Mexico","01/30/2024 00:00:00"
"235","Customer 235","cust235@example.com","Netherlands","01/27/2024 00:00:00"
"236","Customer 236","cust236@example.com","Norway","01/24/2024 00:00:00"
"237","Customer 237","cust237@example.com","New Zealand","01/21/2024 00:00:00"
"238","Customer 238","cust238@example.com","Sweden","01/18/2024 00:00:00"
"239","Customer 239","cust239@example.com","United States","01/15/2024 00:00:00"
"240","Customer 240","cust240@example.com","South Africa","01/12/2024 00:00:00"
"241","Customer 241","cust241@example.com","Australia","01/09/2024 00:00:00"
"242","Customer 242","cust242@example.com","Belgium","01/06/2024 00:00:00"
"243","Customer 243","cust243@example.com","Brazil","01/03/2024 00:00:00"
"244","Customer 244","cust244@example.com","Canada","12/31/2023 00:00:00"
"245","Customer 245","cust245@example.com","Germany","12/28/2023 00:00:00"
"246","Customer 246","cust246@example.com","Denmark","12/25/2023 00:00:00"
"247","Customer 247","cust247@example.com","Spain","12/22/2023 00:00:00"
"248","Customer 248","cust248@example.com","Finland","12/19/2023 00:00:00"
"249","Customer 249","cust249@example.com","France","12/16/2023 00:00:00"
"250","Customer 250","cust250@example.com","United Kingdom","12/13/2023 00:00:00"
"251","Customer 251","cust251@example.com","India","12/10/2023 00:00:00"
"252","Customer 252","cust252@example.com","Italy","12/07/2023 00:00:00"
"253","Customer 253","cust253@example.com","Japan","12/04/2023 00:00:00"
"254","Customer 254","cust254@example.com","Mexico","12/01/2023 00:00:00"
"255","Customer 255","cust255@example.com","Netherlands","11/28/2023 00:00:00"
"256","Customer 256","cust256@example.com","Norway","11/25/2023 00:00:00"
"257","Customer 257","cust257@example.com","New Zealand","11/22/2023 00:00:00"
"258","Customer 258","cust258@example.com","Sweden","11/19/2023 00:00:00"
"259","Customer 259","cust259@example.com","United States","11/16/2023 00:00:00"
"260","Customer 260","cust260@example.com","South Africa","11/13/2023 00:00:00"
"261","Customer 261","cust261@example.com","Australia","11/10/2023 00:00:00"
"262","Customer 262","cust262@example.com","Belgium","11/07/2023 00:00:00"
"263","Customer 263","cust263@example.com","Brazil","11/04/2023 00:00:00"
"264","Customer 264","cust264@example.com","Canada","11/01/2023 00:00:00"
"265","Customer 265","cust265@example.com","Germany","10/29/2023 00:00:00"
"266","Customer 266","cust266@example.com","Denmark","10/26/2023 00:00:00"
"267","Customer 267","cust267@example.com","Spain","10/23/2023 00:00:00"
"268","Customer 268","cust268@example.com","Finland","10/20/2023 00:00:00"
"269","Customer 269","cust269@example.com","France","10/17/2023 00:00:00"
"270","Customer 270","cust270@example.com","United Kingdom","10/14/2023 00:00:00"
"271","Customer 271","cust271@example.com","India","10/11/2023 00:00:00"
"272","Customer 272","cust272@example.com","Italy","10/08/2023 00:00:00"
"273","Customer 273","cust273@example.com","Japan","10/05/2023 00:00:00"
"274","Customer 274","cust274@example.com","Mexico","10/02/2023 00:00:00"
"275","Customer 275","cust275@example.com","Netherlands","09/29/2023 00:00:00"
"276","Customer 276","cust276@example.com","Norway","09/26/2023 00:00:00"
"277","Customer 277","cust277@example.com","New Zealand","09/23/2023 00:00:00"
"278","Customer 278","cust278@example.com","Sweden","09/20/2023 00:00:00"
"279","Customer 279","cust279@example.com","United States","09/17/2023 00:00:00"
"280","Customer 280","cust280@example.com","South Africa","09/14/2023 00:00:00"
"281","Customer 281","cust281@example.com","Australia","09/11/2023 00:00:00"
"282","Customer 282","cust282@example.com","Belgium","09/08/2023 00:00:00"
"283","Customer 283","cust283@example.com","Brazil","09/05/2023 00:00:00"
"284","Customer 284","cust284@example.com","Canada","09/02/2023 00:00:00"
"285","Customer 285","cust285@example.com","Germany","08/30/2023 00:00:00"
"286","Customer 286","cust286@example.com","Denmark","08/27/2023 00:00:00"
"287","Customer 287","cust287@example.com","Spain","08/24/2023 00:00:00"
"288","Customer 288","cust288@example.com","Finland","08/21/2023 00:00:00"
"289","Customer 289","cust289@example.com","France","08/18/2023 00:00:00"
"290","Customer 290","cust290@example.com","United Kingdom","08/15/2023 00:00:00"
"291","Customer 291","cust291@example.com","India","08/12/2023 00:00:00"
"292","Customer 292","cust292@example.com","Italy","08/09/2023 00:00:00"
"293","Customer 293","cust293@example.com","Japan","08/06/2023 00:00:00"
"294","Customer 294","cust294@example.com","Mexico","08/03/2023 00:00:00"
"295","Customer 295","cust295@example.com","Netherlands","07/31/2023 00:00:00"
"296","Customer 296","cust296@example.com","Norway","07/28/2023 00:00:00"
"297","Customer 297","cust297@example.com","New Zealand","07/25/2023 00:00:00"
"298","Customer 298","cust298@example.com","Sweden","07/22/2023 00:00:00"
"299","Customer 299","cust299@example.com","United States","07/19/2023 00:00:00"
"300","Customer 300","cust300@example.com","South Africa","07/16/2023 00:00:00"
"301","Customer 301","cust301@example.com","Australia","07/13/2023 00:00:00"
"302","Customer 302","cust302@example.com","Belgium","07/10/2023 00:00:00"
"303","Customer 303","cust303@example.com","Brazil","07/07/2023 00:00:00"
"304","Customer 304","cust304@example.com","Canada","07/04/2023 00:00:00"
"305","Customer 305","cust305@example.com","Germany","07/01/2023 00:00:00"
"306","Customer 306","cust306@example.com","Denmark","06/28/2023 00:00:00"
"307","Customer 307","cust307@example.com","Spain","06/25/2023 00:00:00"
"308","Customer 308","cust308@example.com","Finland","06/22/2023 00:00:00"
"309","Customer 309","cust309@example.com","France","06/19/2023 00:00:00"
"310","Customer 310","cust310@example.com","United Kingdom","06/16/2023 00:00:00"
"311","Customer 311","cust311@example.com","India","06/13/2023 00:00:00"
"312","Customer 312","cust312@example.com","Italy","06/10/2023 00:00:00"
"313","Customer 313","cust313@example.com","Japan","06/07/2023 00:00:00"
"314","Customer 314","cust314@example.com","Mexico","06/04/2023 00:00:00"
"315","Customer 315","cust315@example.com","Netherlands","06/01/2023 00:00:00"
"316","Customer 316","cust316@example.com","Norway","05/29/2023 00:00:00"
"317","Customer 317","cust317@example.com","New Zealand","05/26/2023 00:00:00"
"318","Customer 318","cust318@example.com","Sweden","05/23/2023 00:00:00"
"319","Customer 319","cust319@example.com","United States","05/20/2023 00:00:00"
"320","Customer 320","cust320@example.com","South Africa","05/17/2023 00:00:00"
"321","Customer 321","cust321@example.com","Australia","05/14/2023 00:00:00"
"322","Customer 322","cust322@example.com","Belgium","05/11/2023 00:00:00"
"323","Customer 323","cust323@example.com","Brazil","05/08/2023 00:00:00"
"324","Customer 324","cust324@example.com","Canada","05/05/2023 00:00:00"
"325","Customer 325","cust325@example.com","Germany","05/02/2023 00:00:00"
"326","Customer 326","cust326@example.com","Denmark","04/29/2023 00:00:00"
"327","Customer 327","cust327@example.com","Spain","04/26/2023 00:00:00"
"328","Customer 328","cust328@example.com","Finland","04/23/2023 00:00:00"
"329","Customer 329","cust329@example.com","France","04/20/2023 00:00:00"
"330","Customer 330","cust330@example.com","United Kingdom","04/17/2023 00:00:00"
"331","Customer 331","cust331@example.com","India","04/14/2023 00:00:00"
"332","Customer 332","cust332@example.com","Italy","04/11/2023 00:00:00"
"333","Customer 333","cust333@example.com","Japan","04/08/2023 00:00:00"
"334","Customer 334","cust334@example.com","Mexico","12/30/2025 00:00:00"
"335","Customer 335","cust335@example.com","Netherlands","12/27/2025 00:00:00"
"336","Customer 336","cust336@example.com","Norway","12/24/2025 00:00:00"
"337","Customer 337","cust337@example.com","New Zealand","12/21/2025 00:00:00"
"338","Customer 338","cust338@example.com","Sweden","12/18/2025 00:00:00"
"339","Customer 339","cust339@example.com","United States","12/15/2025 00:00:00"
"340","Customer 340","cust340@example.com","South Africa","12/12/2025 00:00:00"
"341","Customer 341","cust341@example.com","Australia","12/09/2025 00:00:00"
"342","Customer 342","cust342@example.com","Belgium","12/06/2025 00:00:00"
"343","Customer 343","cust343@example.com","Brazil","12/03/2025 00:00:00"
"344","Customer 344","cust344@example.com","Canada","11/30/2025 00:00:00"
"345","Customer 345","cust345@example.com","Germany","11/27/2025 00:00:00"
"346","Customer 346","cust346@example.com","Denmark","11/24/2025 00:00:00"
"347","Customer 347","cust347@example.com","Spain","11/21/2025 00:00:00"
"348","Customer 348","cust348@example.com","Finland","11/18/2025 00:00:00"
"349","Customer 349","cust349@example.com","France","11/15/2025 00:00:00"
"350","Customer 350","cust350@example.com","United Kingdom","11/12/2025 00:00:00"
"351","Customer 351","cust351@example.com","India","11/09/2025 00:00:00"
"352","Customer 352","cust352@example.com","Italy","11/06/2025 00:00:00"
"353","Customer 353","cust353@example.com","Japan","11/03/2025 00:00:00"
"354","Customer 354","cust354@example.com","Mexico","10/31/2025 00:00:00"
"355","Customer 355","cust355@example.com","Netherlands","10/28/2025 00:00:00"
"356","Customer 356","cust356@example.com","Norway","10/25/2025 00:00:00"
"357","Customer 357","cust357@example.com","New Zealand","10/22/2025 00:00:00"
"358","Customer 358","cust358@example.com","Sweden","10/19/2025 00:00:00"
"359","Customer 359","cust359@example.com","United States","10/16/2025 00:00:00"
"360","Customer 360","cust360@example.com","South Africa","10/13/2025 00:00:00"
"361","Customer 361","cust361@example.com","Australia","10/10/2025 00:00:00"
"362","Customer 362","cust362@example.com","Belgium","10/07/2025 00:00:00"
"363","Customer 363","cust363@example.com","Brazil","10/04/2025 00:00:00"
"364","Customer 364","cust364@example.com","Canada","10/01/2025 00:00:00"
"365","Customer 365","cust365@example.com","Germany","09/28/2025 00:00:00"
"366","Customer 366","cust366@example.com","Denmark","09/25/2025 00:00:00"
"367","Customer 367","cust367@example.com","Spain","09/22/2025 00:00:00"
"368","Customer 368","cust368@example.com","Finland","09/19/2025 00:00:00"
"369","Customer 369","cust369@example.com","France","09/16/2025 00:00:00"
"370","Customer 370","cust370@example.com","United Kingdom","09/13/2025 00:00:00"
"371","Customer 371","cust371@example.com","India","09/10/2025 00:00:00"
"372","Customer 372","cust372@example.com","Italy","09/07/2025 00:00:00"
"373","Customer 373","cust373@example.com","Japan","09/04/2025 00:00:00"
"374","Customer 374","cust374@example.com","Mexico","09/01/2025 00:00:00"
"375","Customer 375","cust375@example.com","Netherlands","08/29/2025 00:00:00"
"376","Customer 376","cust376@example.com","Norway","08/26/2025 00:00:00"
"377","Customer 377","cust377@example.com","New Zealand","08/23/2025 00:00:00"
"378","Customer 378","cust378@example.com","Sweden","08/20/2025 00:00:00"
"379","Customer 379","cust379@example.com","United States","08/17/2025 00:00:00"
"380","Customer 380","cust380@example.com","South Africa","08/14/2025 00:00:00"
"381","Customer 381","cust381@example.com","Australia","08/11/2025 00:00:00"
"382","Customer 382","cust382@example.com","Belgium","08/08/2025 00:00:00"
"383","Customer 383","cust383@example.com","Brazil","08/05/2025 00:00:00"
"384","Customer 384","cust384@example.com","Canada","08/02/2025 00:00:00"
"385","Customer 385","cust385@example.com","Germany","07/30/2025 00:00:00"
"386","Customer 386","cust386@example.com","Denmark","07/27/2025 00:00:00"
"387","Customer 387","cust387@example.com","Spain","07/24/2025 00:00:00"
"388","Customer 388","cust388@example.com","Finland","07/21/2025 00:00:00"
"389","Customer 389","cust389@example.com","France","07/18/2025 00:00:00"
"390","Customer 390","cust390@example.com","United Kingdom","07/15/2025 00:00:00"
"391","Customer 391","cust391@example.com","India","07/12/2025 00:00:00"
"392","Customer 392","cust392@example.com","Italy","07/09/2025 00:00:00"
"393","Customer 393","cust393@example.com","Japan","07/06/2025 00:00:00"
"394","Customer 394","cust394@example.com","Mexico","07/03/2025 00:00:00"
"395","Customer 395","cust395@example.com","Netherlands","06/30/2025 00:00:00"
"396","Customer 396","cust396@example.com","Norway","06/27/2025 00:00:00"
"397","Customer 397","cust397@example.com","New Zealand","06/24/2025 00:00:00"
"398","Customer 398","cust398@example.com","Sweden","06/21/2025 00:00:00"
"399","Customer 399","cust399@example.com","United States","06/18/2025 00:00:00"
"400","Customer 400","cust400@example.com","South Africa","06/15/2025 00:00:00"
"401","Customer 401","cust401@example.com","Australia","06/12/2025 00:00:00"
"402","Customer 402","cust402@example.com","Belgium","06/09/2025 00:00:00"
"403","Customer 403","cust403@example.com","Brazil","06/06/2025 00:00:00"
"404","Customer 404","cust404@example.com","Canada","06/03/2025 00:00:00"
"405","Customer 405","cust405@example.com","Germany","05/31/2025 00:00:00"
"406","Customer 406","cust406@example.com","Denmark","05/28/2025 00:00:00"
"407","Customer 407","cust407@example.com","Spain","05/25/2025 00:00:00"
"408","Customer 408","cust408@example.com","Finland","05/22/2025 00:00:00"
"409","Customer 409","cust409@example.com","France","05/19/2025 00:00:00"
"410","Customer 410","cust410@example.com","United Kingdom","05/16/2025 00:00:00"
"411","Customer 411","cust411@example.com","India","05/13/2025 00:00:00"
"412","Customer 412","cust412@example.com","Italy","05/10/2025 00:00:00"
"413","Customer 413","cust413@example.com","Japan","05/07/2025 00:00:00"
"414","Customer 414","cust414@example.com","Mexico","05/04/2025 00:00:00"
"415","Customer 415","cust415@example.com","Netherlands","05/01/2025 00:00:00"
"416","Customer 416","cust416@example.com","Norway","04/28/2025 00:00:00"
"417","Customer 417","cust417@example.com","New Zealand","04/25/2025 00:00:00"
"418","Customer 418","cust418@example.com","Sweden","04/22/2025 00:00:00"
"419","Customer 419","cust419@example.com","United States","04/19/2025 00:00:00"
"420","Customer 420","cust420@example.com","South Africa","04/16/2025 00:00:00"
"421","Customer 421","cust421@example.com","Australia","04/13/2025 00:00:00"
"422","Customer 422","cust422@example.com","Belgium","04/10/2025 00:00:00"
"423","Customer 423","cust423@example.com","Brazil","04/07/2025 00:00:00"
"424","Customer 424","cust424@example.com","Canada","04/04/2025 00:00:00"
"425","Customer 425","cust425@example.com","Germany","04/01/2025 00:00:00"
"426","Customer 426","cust426@example.com","Denmark","03/29/2025 00:00:00"
"427","Customer 427","cust427@example.com","Spain","03/26/2025 00:00:00"
"428","Customer 428","cust428@example.com","Finland","03/23/2025 00:00:00"
"429","Customer 429","cust429@example.com","France","03/20/2025 00:00:00"
"430","Customer 430","cust430@example.com","United Kingdom","03/17/2025 00:00:00"
"431","Customer 431","cust431@example.com","India","03/14/2025 00:00:00"
"432","Customer 432","cust432@example.com","Italy","03/11/2025 00:00:00"
"433","Customer 433","cust433@example.com","Japan","03/08/2025 00:00:00"
"434","Customer 434","cust434@example.com","Mexico","03/05/2025 00:00:00"
"435","Customer 435","cust435@example.com","Netherlands","03/02/2025 00:00:00"
"436","Customer 436","cust436@example.com","Norway","02/27/2025 00:00:00"
"437","Customer 437","cust437@example.com","New Zealand","02/24/2025 00:00:00"
"438","Customer 438","cust438@example.com","Sweden","02/21/2025 00:00:00"
"439","Customer 439","cust439@example.com","United States","02/18/2025 00:00:00"
"440","Customer 440","cust440@example.com","South Africa","02/15/2025 00:00:00"
"441","Customer 441","cust441@example.com","Australia","02/12/2025 00:00:00"
"442","Customer 442","cust442@example.com","Belgium","02/09/2025 00:00:00"
"443","Customer 443","cust443@example.com","Brazil","02/06/2025 00:00:00"
"444","Customer 444","cust444@example.com","Canada","02/03/2025 00:00:00"
"445","Customer 445","cust445@example.com","Germany","01/31/2025 00:00:00"
"446","Customer 446","cust446@example.com","Denmark","01/28/2025 00:00:00"
"447","Customer 447","cust447@example.com","Spain","01/25/2025 00:00:00"
"448","Customer 448","cust448@example.com","Finland","01/22/2025 00:00:00"
"449","Customer 449","cust449@example.com","France","01/19/2025 00:00:00"
"450","Customer 450","cust450@example.com","United Kingdom","01/16/2025 00:00:00"
"451","Customer 451","cust451@example.com","India","01/13/2025 00:00:00"
"452","Customer 452","cust452@example.com","Italy","01/10/2025 00:00:00"
"453","Customer 453","cust453@example.com","Japan","01/07/2025 00:00:00"
"454","Customer 454","cust454@example.com","Mexico","01/04/2025 00:00:00"
"455","Customer 455","cust455@example.com","Netherlands","01/01/2025 00:00:00"
"456","Customer 456","cust456@example.com","Norway","12/29/2024 00:00:00"
"457","Customer 457","cust457@example.com","New Zealand","12/26/2024 00:00:00"
"458","Customer 458","cust458@example.com","Sweden","12/23/2024 00:00:00"
"459","Customer 459","cust459@example.com","United States","12/20/2024 00:00:00"
"460","Customer 460","cust460@example.com","South Africa","12/17/2024 00:00:00"
"461","Customer 461","cust461@example.com","Australia","12/14/2024 00:00:00"
"462","Customer 462","cust462@example.com","Belgium","12/11/2024 00:00:00"
"463","Customer 463","cust463@example.com","Brazil","12/08/2024 00:00:00"
"464","Customer 464","cust464@example.com","Canada","12/05/2024 00:00:00"
"465","Customer 465","cust465@example.com","Germany","12/02/2024 00:00:00"
"466","Customer 466","cust466@example.com","Denmark","11/29/2024 00:00:00"
"467","Customer 467","cust467@example.com","Spain","11/26/2024 00:00:00"
"468","Customer 468","cust468@example.com","Finland","11/23/2024 00:00:00"
"469","Customer 469","cust469@example.com","France","11/20/2024 00:00:00"
"470","Customer 470","cust470@example.com","United Kingdom","11/17/2024 00:00:00"
"471","Customer 471","cust471@example.com","India","11/14/2024 00:00:00"
"472","Customer 472","cust472@example.com","Italy","11/11/2024 00:00:00"
"473","Customer 473","cust473@example.com","Japan","11/08/2024 00:00:00"
"474","Customer 474","cust474@example.com","Mexico","11/05/2024 00:00:00"
"475","Customer 475","cust475@example.com","Netherlands","11/02/2024 00:00:00"
"476","Customer 476","cust476@example.com","Norway","10/30/2024 00:00:00"
"477","Customer 477","cust477@example.com","New Zealand","10/27/2024 00:00:00"
"478","Customer 478","cust478@example.com","Sweden","10/24/2024 00:00:00"
"479","Customer 479","cust479@example.com","United States","10/21/2024 00:00:00"
"480","Customer 480","cust480@example.com","South Africa","10/18/2024 00:00:00"
"481","Customer 481","cust481@example.com","Australia","10/15/2024 00:00:00"
"482","Customer 482","cust482@example.com","Belgium","10/12/2024 00:00:00"
"483","Customer 483","cust483@example.com","Brazil","10/09/2024 00:00:00"
"484","Customer 484","cust484@example.com","Canada","10/06/2024 00:00:00"
"485","Customer 485","cust485@example.com","Germany","10/03/2024 00:00:00"
"486","Customer 486","cust486@example.com","Denmark","09/30/2024 00:00:00"
"487","Customer 487","cust487@example.com","Spain","09/27/2024 00:00:00"
"488","Customer 488","cust488@example.com","Finland","09/24/2024 00:00:00"
"489","Customer 489","cust489@example.com","France","09/21/2024 00:00:00"
"490","Customer 490","cust490@example.com","United Kingdom","09/18/2024 00:00:00"
"491","Customer 491","cust491@example.com","India","09/15/2024 00:00:00"
"492","Customer 492","cust492@example.com","Italy","09/12/2024 00:00:00"
"493","Customer 493","cust493@example.com","Japan","09/09/2024 00:00:00"
"494","Customer 494","cust494@example.com","Mexico","09/06/2024 00:00:00"
"495","Customer 495","cust495@example.com","Netherlands","09/03/2024 00:00:00"
"496","Customer 496","cust496@example.com","Norway","08/31/2024 00:00:00"
"497","Customer 497","cust497@example.com","New Zealand","08/28/2024 00:00:00"
"498","Customer 498","cust498@example.com","Sweden","08/25/2024 00:00:00"
"499","Customer 499","cust499@example.com","United States","08/22/2024 00:00:00"
"500","Customer 500","cust500@example.com","South Africa","08/19/2024 00:00:00"
